condition,x,predicted_probability,ci_low,ci_high,se
neutral,0.0,0.09555862301987483,0.0740959246716856,0.11702132136806406,0.010905631444885025
neutral,0.0485,0.10351527437897126,0.08312327074522505,0.12390727801271748,0.010361589789158772
neutral,0.097,0.11197572993062664,0.09273853889249599,0.1312129209687573,0.009774806135426957
neutral,0.14550000000000002,0.12095452322223288,0.10285934232677682,0.13904970411768894,0.009194527667161547
neutral,0.194,0.13046492498325632,0.11334351110705325,0.14758633885945938,0.008699736935219249
neutral,0.2425,0.14051890299308922,0.12397769705441149,0.15706010893176695,0.008404921538506466
neutral,0.29100000000000004,0.15112712500193154,0.13449795998323286,0.16775629002063022,0.008449615327394416
neutral,0.3395,0.162299001827865,0.1446670248803792,0.1799309787753508,0.00895916436575237
neutral,0.388,0.1740427631262015,0.15437059183924298,0.19371493441316004,0.009995828404042192
neutral,0.4365,0.18636555354658227,0.16363933902787017,0.20909176806529436,0.011547649585233969
neutral,0.485,0.1992735325069018,0.1725850334991564,0.2259620315146472,0.013560966532440072
neutral,0.5335,0.21277195709268812,0.1813303018317,0.24421361235367622,0.015976141430622853
neutral,0.5820000000000001,0.22686522507834117,0.18997624793197762,0.2637542022247047,0.01874403593670078
neutral,0.6305000000000001,0.24155685413077224,0.19859795994636095,0.28451574831518356,0.021828283641442982
neutral,0.679,0.25684937416352255,0.20724998376170078,0.3064487645653443,0.025202454175985368
neutral,0.7275,0.2727441127177394,0.21597302595666085,0.32951519947881797,0.02884653825431734
neutral,0.776,0.28924085820597584,0.22479944535096155,0.35368227106099015,0.03274398619331822
neutral,0.8245,0.3063373928112741,0.2337573671092188,0.3789174185133294,0.036879380109895527
neutral,0.873,0.3240288956182516,0.24287376132923333,0.40518402990726987,0.041236566346787164
neutral,0.9215,0.3423072268552362,0.25217680616783084,0.4324376475426415,0.045797091029433
neutral,0.97,0.361160115461423,0.26169773176863487,0.46062249915421116,0.05053885031538004
directed,0.0,0.0721825953446015,0.04825829293672068,0.09610689775248232,0.012156422291530558
directed,0.0485,0.07827534292397724,0.05529037449027314,0.10126031135768135,0.01167912768673103
directed,0.097,0.08477818780358247,0.06286665388692783,0.10668972172023711,0.011133693881845666
directed,0.14550000000000002,0.09170561731676748,0.07092994587536107,0.11248128875817388,0.010556539167831011
directed,0.194,0.09907122071338088,0.07937334461737813,0.11876909680938363,0.01000888953779386
directed,0.2425,0.10688756530407718,0.0880230646259659,0.12575206598218847,0.009585434620089244
directed,0.29100000000000004,0.11516608681613069,0.09663451321827593,0.13369766041398545,0.009416267632024784
directed,0.3395,0.12391699745692318,0.10492946421303088,0.14290453070081546,0.009647949956994192
directed,0.388,0.13314921444184916,0.11268500448137816,0.15361342440232015,0.010398279285254492
directed,0.4365,0.14287031064261424,0.11981555847610761,0.16592506280912087,0.011714586213820516
directed,0.485,0.15308648756647164,0.12636980327080882,0.17980317186213446,0.01357528804771316
directed,0.5335,0.16380256914348798,0.13246168954435178,0.19514344874262418,0.015924935277093523
directed,0.5820000000000001,0.17502201287688157,0.13820951503032655,0.2118345107234366,0.018705175256494417
directed,0.6305000000000001,0.186746932941213,0.1437104555476745,0.2297834103347515,0.021867705240317763
directed,0.679,0.1989781279690084,0.1490378206259087,0.2489184353121081,0.025375680974153016
directed,0.7275,0.2117151047439706,0.15424603785624408,0.2691841716316971,0.029201196084082677
directed,0.776,0.2249560880181885,0.15937643743888766,0.2905357385974894,0.03332234781944531
directed,0.8245,0.23869800637501237,0.16446190522381438,0.31293410752621037,0.037720865565278476
directed,0.873,0.25293644461289644,0.16953028914825635,0.3363426000775365,0.04238035576774945
directed,0.9215,0.26766555461250047,0.17460687521468127,0.36072423401031967,0.047284998549399715
directed,0.97,0.2828779190754297,0.17971624841308242,0.38603958973777697,0.052418532899759326
