model_set,fold,n,groups,log_loss,brier
A,1,240,59,0.38974455405590924,0.11536418063126805
B,1,240,59,0.3868098443741404,0.11475618032129312
C,1,240,59,0.38081094748432576,0.11390169089832755
D,1,240,59,0.37853790157797085,0.11330941272852353
A,2,240,59,0.32048365474841833,0.09739594508030548
B,2,240,59,0.3088307454806885,0.0929501948196906
C,2,240,59,0.32294162379431707,0.10033323679573761
D,2,240,59,0.31603586900516356,0.09714064007544097
A,3,238,59,0.2883901204597242,0.08154455980304604
B,3,238,59,0.2834063182225927,0.08026439824030755
C,3,238,59,0.26700576755659383,0.07808995845735808
D,3,238,59,0.2663933889410217,0.0777576793010803
A,4,240,59,0.27273392134220964,0.07657029240303813
B,4,240,59,0.27097805946131703,0.0772422791736693
C,4,240,59,0.2582199299825251,0.07286939794599218
D,4,240,59,0.258237696627731,0.07385291906203917
A,5,238,60,0.3504464550391714,0.10363766656217864
B,5,238,60,0.3416351215592352,0.10145502793831118
C,5,238,60,0.3271901450750714,0.10017347116887991
D,5,238,60,0.3226814797055365,0.09882068201474538
